<?xml version="1.0" encoding="UTF-8"?>
<project version="4">
  <component name="GradleMigrationSettings" migrationVersion="1" />
  <component name="GradleSettings">
    <option name="linkedExternalProjectsSettings">
      <GradleProjectSettings>
        <option name="testRunner" value="PLATFORM" />
        <option name="distributionType" value="DEFAULT_WRAPPED" />
        <option name="externalProjectPath" value="$PROJECT_DIR$" />
        <option name="gradleJvm" value="1.8" />
        <option name="modules">
          <set>
            <option value="$PROJECT_DIR$" />
            <option value="$PROJECT_DIR$/app" />
          </set>
        </option>
        <option name="resolveModulePerSourceSet" value="false" />
      </GradleProjectSettings>
    </option>
  </component>
</project>