<?xml version="1.0" encoding="UTF-8"?>
<project version="4">
  <component name="AndroidLayouts">
    <shared>
      <config />
    </shared>
  </component>
  <component name="AndroidLogFilters">
    <option name="TOOL_WINDOW_CONFIGURED_FILTER" value="Show only selected application" />
  </component>
  <component name="ChangeListManager">
    <list default="true" id="c71e7fd5-2f13-4c56-ba86-d81428b27b7a" name="Default Changelist" comment="" />
    <option name="SHOW_DIALOG" value="false" />
    <option name="HIGHLIGHT_CONFLICTS" value="true" />
    <option name="HIGHLIGHT_NON_ACTIVE_CHANGELIST" value="false" />
    <option name="LAST_RESOLUTION" value="IGNORE" />
  </component>
  <component name="ExecutionTargetManager" SELECTED_TARGET="Pixel_2_API_30" />
  <component name="ExternalProjectsData">
    <projectState path="$PROJECT_DIR$">
      <ProjectState />
    </projectState>
  </component>
  <component name="ExternalProjectsManager">
    <system id="GRADLE">
      <state>
        <projects_view />
      </state>
    </system>
  </component>
  <component name="FileTemplateManagerImpl">
    <option name="RECENT_TEMPLATES">
      <list>
        <option value="layoutResourceFile" />
        <option value="Kotlin Class" />
      </list>
    </option>
  </component>
  <component name="ProjectId" id="1kbW3JtKcFFgBFLk0WNclTD0pOx" />
  <component name="ProjectViewState">
    <option name="hideEmptyMiddlePackages" value="true" />
    <option name="showExcludedFiles" value="true" />
    <option name="showLibraryContents" value="true" />
  </component>
  <component name="PropertiesComponent">
    <property name="DeviceAndSnapshotComboBoxAction.selectedDevice" value="Pixel_2_API_30" />
    <property name="DeviceAndSnapshotComboBoxAction.selectionTime" value="2020-11-21T18:45:13.086Z" />
    <property name="RunOnceActivity.ShowReadmeOnStart" value="true" />
    <property name="android.sdk.path" value="$USER_HOME$/AppData/Local/Android/Sdk" />
    <property name="settings.editor.selected.configurable" value="AndroidSdkUpdater" />
    <property name="show.migrate.to.gradle.popup" value="false" />
  </component>
  <component name="RunManager">
    <configuration default="true" type="AndroidJUnit" factoryName="Android JUnit">
      <option name="TEST_OBJECT" value="class" />
      <option name="WORKING_DIRECTORY" value="$MODULE_DIR$" />
      <method v="2">
        <option name="Android.Gradle.BeforeRunTask" enabled="true" />
      </method>
    </configuration>
    <configuration name="app" type="AndroidRunConfigurationType" factoryName="Android App" activateToolWindowBeforeRun="false">
      <module name="app" />
      <option name="DEPLOY" value="true" />
      <option name="DEPLOY_APK_FROM_BUNDLE" value="false" />
      <option name="DEPLOY_AS_INSTANT" value="false" />
      <option name="ARTIFACT_NAME" value="" />
      <option name="PM_INSTALL_OPTIONS" value="" />
      <option name="DYNAMIC_FEATURES_DISABLED_LIST" value="" />
      <option name="ACTIVITY_EXTRA_FLAGS" value="" />
      <option name="MODE" value="default_activity" />
      <option name="CLEAR_LOGCAT" value="false" />
      <option name="SHOW_LOGCAT_AUTOMATICALLY" value="false" />
      <option name="SKIP_NOOP_APK_INSTALLATIONS" value="true" />
      <option name="FORCE_STOP_RUNNING_APP" value="true" />
      <option name="TARGET_SELECTION_MODE" value="DEVICE_AND_SNAPSHOT_COMBO_BOX" />
      <option name="SELECTED_CLOUD_MATRIX_CONFIGURATION_ID" value="-1" />
      <option name="SELECTED_CLOUD_MATRIX_PROJECT_ID" value="" />
      <option name="DEBUGGER_TYPE" value="Auto" />
      <Auto>
        <option name="USE_JAVA_AWARE_DEBUGGER" value="false" />
        <option name="SHOW_STATIC_VARS" value="true" />
        <option name="WORKING_DIR" value="" />
        <option name="TARGET_LOGGING_CHANNELS" value="lldb process:gdb-remote packets" />
        <option name="SHOW_OPTIMIZED_WARNING" value="true" />
      </Auto>
      <Hybrid>
        <option name="USE_JAVA_AWARE_DEBUGGER" value="false" />
        <option name="SHOW_STATIC_VARS" value="true" />
        <option name="WORKING_DIR" value="" />
        <option name="TARGET_LOGGING_CHANNELS" value="lldb process:gdb-remote packets" />
        <option name="SHOW_OPTIMIZED_WARNING" value="true" />
      </Hybrid>
      <Java />
      <Native>
        <option name="USE_JAVA_AWARE_DEBUGGER" value="false" />
        <option name="SHOW_STATIC_VARS" value="true" />
        <option name="WORKING_DIR" value="" />
        <option name="TARGET_LOGGING_CHANNELS" value="lldb process:gdb-remote packets" />
        <option name="SHOW_OPTIMIZED_WARNING" value="true" />
      </Native>
      <Profilers>
        <option name="ADVANCED_PROFILING_ENABLED" value="false" />
        <option name="STARTUP_CPU_PROFILING_ENABLED" value="false" />
        <option name="STARTUP_CPU_PROFILING_CONFIGURATION_NAME" value="Sample Java Methods" />
      </Profilers>
      <option name="DEEP_LINK" value="" />
      <option name="ACTIVITY_CLASS" value="" />
      <method v="2">
        <option name="Android.Gradle.BeforeRunTask" enabled="true" />
      </method>
    </configuration>
  </component>
  <component name="SvnConfiguration">
    <configuration />
  </component>
  <component name="TaskManager">
    <task active="true" id="Default" summary="Default task">
      <changelist id="c71e7fd5-2f13-4c56-ba86-d81428b27b7a" name="Default Changelist" comment="" />
      <created>1605969570755</created>
      <option name="number" value="Default" />
      <option name="presentableId" value="Default" />
      <updated>1605969570755</updated>
    </task>
    <servers />
  </component>
  <component name="WindowStateProjectService">
    <state x="275" y="0" width="816" height="728" key="#Intentions" timestamp="1605973086108">
      <screen x="0" y="0" width="1366" height="728" />
    </state>
    <state x="275" y="0" width="816" height="728" key="#Intentions/0.0.1366.728@0.0.1366.728" timestamp="1605973086108" />
    <state x="402" y="10" key="#app" timestamp="1606044915016">
      <screen x="0" y="0" width="1366" height="728" />
    </state>
    <state x="402" y="10" key="#app/0.0.1366.728@0.0.1366.728" timestamp="1606044915016" />
    <state x="474" y="80" key="#com.intellij.ide.util.MemberChooser" timestamp="1605975984375">
      <screen x="0" y="0" width="1366" height="728" />
    </state>
    <state x="474" y="80" key="#com.intellij.ide.util.MemberChooser/0.0.1366.728@0.0.1366.728" timestamp="1605975984375" />
    <state x="263" y="119" key="AndroidCreateResourceFileDialog" timestamp="1605972400525">
      <screen x="0" y="0" width="1366" height="728" />
    </state>
    <state x="263" y="119" key="AndroidCreateResourceFileDialog/0.0.1366.728@0.0.1366.728" timestamp="1605972400525" />
    <state width="1323" height="175" key="GridCell.Tab.0.bottom" timestamp="1606044856726">
      <screen x="0" y="0" width="1366" height="728" />
    </state>
    <state width="1323" height="175" key="GridCell.Tab.0.bottom/0.0.1366.728@0.0.1366.728" timestamp="1606044856726" />
    <state width="1323" height="175" key="GridCell.Tab.0.center" timestamp="1606044856725">
      <screen x="0" y="0" width="1366" height="728" />
    </state>
    <state width="1323" height="175" key="GridCell.Tab.0.center/0.0.1366.728@0.0.1366.728" timestamp="1606044856725" />
    <state width="1323" height="175" key="GridCell.Tab.0.left" timestamp="1606044856725">
      <screen x="0" y="0" width="1366" height="728" />
    </state>
    <state width="1323" height="175" key="GridCell.Tab.0.left/0.0.1366.728@0.0.1366.728" timestamp="1606044856725" />
    <state width="1323" height="175" key="GridCell.Tab.0.right" timestamp="1606044856725">
      <screen x="0" y="0" width="1366" height="728" />
    </state>
    <state width="1323" height="175" key="GridCell.Tab.0.right/0.0.1366.728@0.0.1366.728" timestamp="1606044856725" />
    <state x="277" y="20" width="998" height="708" key="SettingsEditor" timestamp="1605983805974">
      <screen x="0" y="0" width="1366" height="728" />
    </state>
    <state x="277" y="20" width="998" height="708" key="SettingsEditor/0.0.1366.728@0.0.1366.728" timestamp="1605983805974" />
    <state x="499" y="142" key="chooseDestDirectoryDialog" timestamp="1605986955456">
      <screen x="0" y="0" width="1366" height="728" />
    </state>
    <state x="499" y="142" key="chooseDestDirectoryDialog/0.0.1366.728@0.0.1366.728" timestamp="1605986955456" />
    <state x="92" y="92" width="1182" height="544" key="com.android.tools.idea.avdmanager.AvdListDialog" timestamp="1606043883362">
      <screen x="0" y="0" width="1366" height="728" />
    </state>
    <state x="92" y="92" width="1182" height="544" key="com.android.tools.idea.avdmanager.AvdListDialog/0.0.1366.728@0.0.1366.728" timestamp="1606043883362" />
    <state x="379" y="188" key="com.intellij.ide.util.TipDialog" timestamp="1606044891097">
      <screen x="0" y="0" width="1366" height="728" />
    </state>
    <state x="379" y="188" key="com.intellij.ide.util.TipDialog/0.0.1366.728@0.0.1366.728" timestamp="1606044891097" />
    <state x="424" y="6" key="refactoring.ChangeSignatureDialog" timestamp="1605988601920">
      <screen x="0" y="0" width="1366" height="728" />
    </state>
    <state x="424" y="6" key="refactoring.ChangeSignatureDialog/0.0.1366.728@0.0.1366.728" timestamp="1605988601920" />
  </component>
</project>